second,TEMP
4200,35.82272727272727
4201,35.82272727272727
4202,35.82272727272727
4203,35.82272727272727
4204,35.82272727272727
4205,35.82272727272727
4206,35.82272727272727
4207,35.82272727272727
4208,35.82272727272727
4209,35.82272727272727
4210,35.82272727272727
4211,35.82272727272727
4212,35.82272727272727
4213,35.82272727272727
4214,35.82272727272727
4215,35.82272727272727
4216,35.82272727272727
4217,35.82272727272727
4218,35.82272727272727
4219,35.82272727272727
4220,35.82272727272727
4221,35.82272727272727
4222,35.82272727272727
4223,35.82272727272727
4224,35.82272727272727
4225,35.82272727272727
4226,35.82272727272727
4227,35.82272727272727
4228,35.82272727272727
4229,35.82272727272727
4230,35.82272727272727
4231,35.82272727272727
4232,35.82272727272727
4233,35.82272727272727
4234,35.82272727272727
4235,35.82272727272727
4236,35.82272727272727
4237,35.82272727272727
4238,35.82272727272727
4239,35.82272727272727
4240,35.82272727272727
4241,35.82272727272727
4242,35.82272727272727
4243,35.82272727272727
4244,35.82272727272727
4245,35.82272727272727
4246,35.82272727272727
4247,35.82272727272727
4248,35.82272727272727
4249,35.82272727272727
4250,35.82272727272727
4251,35.82272727272727
4252,35.82272727272727
4253,35.82272727272727
4254,35.82272727272727
4255,35.82272727272727
4256,35.82272727272727
4257,35.82272727272727
4258,35.82272727272727
4259,35.82272727272727
4260,35.82272727272727
4261,35.82272727272727
4262,35.82272727272727
4263,35.82272727272727
4264,35.82272727272727
4265,35.82272727272727
4266,35.82272727272727
4267,35.82272727272727
4268,35.82272727272727
4269,35.82272727272727
4270,35.82272727272727
4271,35.82272727272727
4272,35.82272727272727
4273,35.82272727272727
4274,35.82272727272727
4275,35.82272727272727
4276,35.82272727272727
4277,35.82272727272727
4278,35.82272727272727
4279,35.82272727272727
4280,35.82272727272727
4281,35.82272727272727
4282,35.82272727272727
4283,35.82272727272727
4284,35.82272727272727
4285,35.82272727272727
4286,35.82272727272727
4287,35.82272727272727
4288,35.82272727272727
4289,35.82272727272727
4290,35.82272727272727
4291,35.82272727272727
4292,35.82272727272727
4293,35.82272727272727
4294,35.82272727272727
4295,35.82272727272727
4296,35.82272727272727
4297,35.82272727272727
4298,35.82272727272727
4299,35.82272727272727
4300,35.82272727272727
4301,35.82272727272727
4302,35.82272727272727
4303,35.82272727272727
4304,35.82272727272727
4305,35.82272727272727
4306,35.82272727272727
4307,35.82272727272727
4308,35.82272727272727
4309,35.82272727272727
4310,35.82272727272727
4311,35.82272727272727
4312,35.82272727272727
4313,35.82272727272727
4314,35.82272727272727
4315,35.82272727272727
4316,35.82272727272727
4317,35.82272727272727
4318,35.82272727272727
4319,35.82272727272727
4320,35.82272727272727
4321,35.82272727272727
4322,35.82272727272727
4323,35.82272727272727
4324,35.82272727272727
4325,35.82272727272727
4326,35.82272727272727
4327,35.82272727272727
4328,35.82272727272727
4329,35.82272727272727
4330,35.82272727272727
4331,35.82272727272727
4332,35.82272727272727
4333,35.82272727272727
4334,35.82272727272727
4335,35.83
4336,35.82272727272727
4337,35.82272727272727
4338,35.82272727272727
4339,35.82272727272727
4340,35.82272727272727
4341,35.82272727272727
4342,35.82272727272727
4343,35.82272727272727
4344,35.82272727272727
4345,35.82272727272727
4346,35.82272727272727
4347,35.82272727272727
4348,35.82272727272727
4349,35.82272727272727
4350,35.82272727272727
4351,35.82272727272727
4352,35.82272727272727
4353,35.82272727272727
4354,35.82272727272727
4355,35.82272727272727
4356,35.82272727272727
4357,35.82272727272727
4358,35.82272727272727
4359,35.82272727272727
4360,35.82272727272727
4361,35.82272727272727
4362,35.82272727272727
4363,35.82272727272727
4364,35.82272727272727
4365,35.82272727272727
4366,35.82272727272727
4367,35.82272727272727
4368,35.82272727272727
4369,35.82272727272727
4370,35.82272727272727
4371,35.82272727272727
4372,35.82272727272727
4373,35.82272727272727
4374,35.82272727272727
4375,35.82272727272727
4376,35.82272727272727
4377,35.82272727272727
4378,35.82272727272727
4379,35.82272727272727
4380,35.82272727272727
4381,35.82272727272727
4382,35.82272727272727
4383,35.82272727272727
4384,35.82272727272727
4385,35.82272727272727
4386,35.82272727272727
4387,35.82272727272727
4388,35.82272727272727
4389,35.82272727272727
4390,35.82272727272727
4391,35.82272727272727
4392,35.82272727272727
4393,35.82272727272727
4394,35.82272727272727
4395,35.82272727272727
4396,35.82272727272727
4397,35.82272727272727
4398,35.82272727272727
4399,35.82272727272727
4400,35.82272727272727
4401,35.82272727272727
4402,35.82272727272727
4403,35.82272727272727
4404,35.82272727272727
4405,35.82272727272727
4406,35.82272727272727
4407,35.82272727272727
4408,35.82272727272727
4409,35.82272727272727
4410,35.82272727272727
4411,35.82272727272727
4412,35.82272727272727
4413,35.82272727272727
4414,35.82272727272727
4415,35.82272727272727
4416,35.82272727272727
4417,35.82272727272727
4418,35.82272727272727
4419,35.82272727272727
4420,35.82272727272727
4421,35.82272727272727
4422,35.82272727272727
4423,35.82272727272727
4424,35.82272727272727
4425,35.82272727272727
4426,35.82272727272727
4427,35.82272727272727
4428,35.82272727272727
4429,35.82272727272727
4430,35.82272727272727
4431,35.82272727272727
4432,35.82272727272727
4433,35.82272727272727
4434,35.82272727272727
4435,35.82272727272727
4436,35.82272727272727
4437,35.82272727272727
4438,35.82272727272727
4439,35.82272727272727
4440,35.82272727272727
4441,35.82272727272727
4442,35.82272727272727
4443,35.82272727272727
4444,35.82272727272727
4445,35.82272727272727
4446,35.82272727272727
4447,35.82272727272727
4448,35.82272727272727
4449,35.82272727272727
4450,35.82272727272727
4451,35.82272727272727
4452,35.82272727272727
4453,35.82272727272727
4454,35.82272727272727
4455,35.82272727272727
4456,35.82272727272727
4457,35.82272727272727
4458,35.82272727272727
4459,35.82272727272727
4460,35.82272727272727
4461,35.82272727272727
4462,35.82272727272727
4463,35.82272727272727
4464,35.82272727272727
4465,35.82272727272727
4466,35.82272727272727
4467,35.82272727272727
4468,35.82272727272727
4469,35.82272727272727
4470,35.82272727272727
4471,35.82272727272727
4472,35.82272727272727
4473,35.82272727272727
4474,35.82272727272727
4475,35.82272727272727
4476,35.82272727272727
4477,35.82272727272727
4478,35.82272727272727
4479,35.82272727272727
4480,35.82272727272727
4481,35.82272727272727
4482,35.82272727272727
4483,35.82272727272727
4484,35.82272727272727
4485,35.82272727272727
4486,35.82272727272727
4487,35.82272727272727
4488,35.82272727272727
4489,35.82272727272727
4490,35.82272727272727
4491,35.82272727272727
4492,35.82272727272727
4493,35.82272727272727
4494,35.82272727272727
4495,35.82272727272727
4496,35.82272727272727
4497,35.82272727272727
4498,35.82272727272727
4499,35.82272727272727
4500,35.82272727272727
4501,35.82272727272727
4502,35.82272727272727
4503,35.82272727272727
4504,35.82272727272727
4505,35.82272727272727
4506,35.82272727272727
4507,35.82272727272727
4508,35.82272727272727
4509,35.82272727272727
4510,35.82272727272727
4511,35.82272727272727
4512,35.82272727272727
4513,35.82272727272727
4514,35.82272727272727
4515,35.82272727272727
4516,35.82272727272727
4517,35.82272727272727
4518,35.82272727272727
4519,35.82272727272727
4520,35.82272727272727
4521,35.82272727272727
4522,35.82272727272727
4523,35.82272727272727
4524,35.82272727272727
4525,35.83
4526,35.82272727272727
4527,35.82272727272727
4528,35.82272727272727
4529,35.82272727272727
4530,35.82272727272727
4531,35.82272727272727
4532,35.82272727272727
4533,35.82272727272727
4534,35.82272727272727
4535,35.82272727272727
4536,35.82272727272727
4537,35.82272727272727
4538,35.82272727272727
4539,35.82272727272727
4540,35.82272727272727
4541,35.82272727272727
4542,35.82272727272727
4543,35.82272727272727
4544,35.82272727272727
4545,35.82272727272727
4546,35.82272727272727
4547,35.82272727272727
4548,35.82272727272727
4549,35.82272727272727
4550,35.82272727272727
4551,35.82272727272727
4552,35.82272727272727
4553,35.82272727272727
4554,35.82272727272727
4555,35.82272727272727
4556,35.82272727272727
4557,35.82272727272727
4558,35.82272727272727
4559,35.82272727272727
4560,35.82272727272727
4561,35.82272727272727
4562,35.82272727272727
4563,35.82272727272727
4564,35.82272727272727
4565,35.82272727272727
4566,35.82272727272727
4567,35.82272727272727
4568,35.82272727272727
4569,35.82272727272727
4570,35.82272727272727
4571,35.82272727272727
4572,35.82272727272727
4573,35.82272727272727
4574,35.82272727272727
4575,35.82272727272727
4576,35.82272727272727
4577,35.82272727272727
4578,35.82272727272727
4579,35.82272727272727
4580,35.82272727272727
4581,35.82272727272727
4582,35.82272727272727
4583,35.82272727272727
4584,35.82272727272727
4585,35.82272727272727
4586,35.82272727272727
4587,35.82272727272727
4588,35.82272727272727
4589,35.82272727272727
4590,35.82272727272727
4591,35.82272727272727
4592,35.82272727272727
4593,35.82272727272727
4594,35.82272727272727
4595,35.82272727272727
4596,35.82272727272727
4597,35.82272727272727
4598,35.82272727272727
4599,35.82272727272727
4600,35.82272727272727
4601,35.82272727272727
4602,35.82272727272727
4603,35.82272727272727
4604,35.82272727272727
4605,35.82272727272727
4606,35.82272727272727
4607,35.82272727272727
4608,35.82272727272727
4609,35.82272727272727
4610,35.82272727272727
4611,35.82272727272727
4612,35.82272727272727
4613,35.82272727272727
4614,35.82272727272727
4615,35.82272727272727
4616,35.82272727272727
4617,35.82272727272727
4618,35.82272727272727
4619,35.82272727272727
4620,35.82272727272727
4621,35.82272727272727
4622,35.82272727272727
4623,35.82272727272727
4624,35.82272727272727
4625,35.82272727272727
4626,35.82272727272727
4627,35.82272727272727
4628,35.82272727272727
4629,35.82272727272727
4630,35.82272727272727
4631,35.82272727272727
4632,35.82272727272727
4633,35.82272727272727
4634,35.82272727272727
4635,35.82272727272727
4636,35.82272727272727
4637,35.82272727272727
4638,35.82272727272727
4639,35.82272727272727
4640,35.82272727272727
4641,35.82272727272727
4642,35.82272727272727
4643,35.82272727272727
4644,35.82272727272727
4645,35.82272727272727
4646,35.82272727272727
4647,35.82272727272727
4648,35.82272727272727
4649,35.82272727272727
4650,35.82272727272727
4651,35.82272727272727
4652,35.82272727272727
4653,35.82272727272727
4654,35.82272727272727
4655,35.82272727272727
4656,35.82272727272727
4657,35.82272727272727
4658,35.82272727272727
4659,35.82272727272727
4660,35.82272727272727
4661,35.82272727272727
4662,35.82272727272727
4663,35.82272727272727
4664,35.82272727272727
4665,35.82272727272727
4666,35.82272727272727
4667,35.82272727272727
4668,35.82272727272727
4669,35.82272727272727
4670,35.82272727272727
4671,35.82272727272727
4672,35.82272727272727
4673,35.82272727272727
4674,35.82272727272727
4675,35.82272727272727
4676,35.82272727272727
4677,35.82272727272727
4678,35.82272727272727
4679,35.82272727272727
4680,35.82272727272727
4681,35.82272727272727
4682,35.82272727272727
4683,35.82272727272727
4684,35.82272727272727
4685,35.82272727272727
4686,35.82272727272727
4687,35.82272727272727
4688,35.82272727272727
4689,35.82272727272727
4690,35.82272727272727
4691,35.82272727272727
4692,35.82272727272727
4693,35.82272727272727
4694,35.82272727272727
4695,35.82272727272727
4696,35.82272727272727
4697,35.82272727272727
4698,35.82272727272727
4699,35.82272727272727
4700,35.82272727272727
4701,35.82272727272727
4702,35.82272727272727
4703,35.82272727272727
4704,35.82272727272727
4705,35.82272727272727
4706,35.82272727272727
4707,35.82272727272727
4708,35.82272727272727
4709,35.82272727272727
4710,35.82272727272727
4711,35.82272727272727
4712,35.82272727272727
4713,35.82272727272727
4714,35.82272727272727
4715,35.83
4716,35.82272727272727
4717,35.82272727272727
4718,35.82272727272727
4719,35.82272727272727
4720,35.82272727272727
4721,35.82272727272727
4722,35.82272727272727
4723,35.82272727272727
4724,35.82272727272727
4725,35.82272727272727
4726,35.82272727272727
4727,35.82272727272727
4728,35.82272727272727
4729,35.82272727272727
4730,35.82272727272727
4731,35.82272727272727
4732,35.82272727272727
4733,35.82272727272727
4734,35.82272727272727
4735,35.82272727272727
4736,35.82272727272727
4737,35.82272727272727
4738,35.82272727272727
4739,35.82272727272727
4740,35.82272727272727
4741,35.82272727272727
4742,35.82272727272727
4743,35.82272727272727
4744,35.82272727272727
4745,35.82272727272727
4746,35.82272727272727
4747,35.82272727272727
4748,35.82272727272727
4749,35.82272727272727
4750,35.82272727272727
4751,35.82272727272727
4752,35.82272727272727
4753,35.82272727272727
4754,35.82272727272727
4755,35.82272727272727
4756,35.82272727272727
4757,35.82272727272727
4758,35.82272727272727
4759,35.82272727272727
4760,35.82272727272727
4761,35.82272727272727
4762,35.82272727272727
4763,35.82272727272727
4764,35.82272727272727
4765,35.82272727272727
4766,35.82272727272727
4767,35.82272727272727
4768,35.82272727272727
4769,35.82272727272727
4770,35.82272727272727
4771,35.82272727272727
4772,35.82272727272727
4773,35.82272727272727
4774,35.82272727272727
4775,35.82272727272727
4776,35.82272727272727
4777,35.82272727272727
4778,35.82272727272727
4779,35.82272727272727
4780,35.82272727272727
4781,35.82272727272727
4782,35.82272727272727
4783,35.82272727272727
4784,35.82272727272727
4785,35.82272727272727
4786,35.82272727272727
4787,35.82272727272727
4788,35.82272727272727
4789,35.82272727272727
4790,35.82272727272727
4791,35.82272727272727
4792,35.82272727272727
4793,35.82272727272727
4794,35.82272727272727
4795,35.82272727272727
4796,35.82272727272727
4797,35.82272727272727
4798,35.82272727272727
4799,35.82272727272727
4800,35.82272727272727
4801,35.82272727272727
4802,35.82272727272727
4803,35.82272727272727
4804,35.82272727272727
4805,35.82272727272727
4806,35.82272727272727
4807,35.82272727272727
4808,35.82272727272727
4809,35.82272727272727
4810,35.82272727272727
4811,35.82272727272727
4812,35.82272727272727
4813,35.82272727272727
4814,35.82272727272727
4815,35.82272727272727
4816,35.82272727272727
4817,35.82272727272727
4818,35.82272727272727
4819,35.82272727272727
4820,35.82272727272727
4821,35.82272727272727
4822,35.82272727272727
4823,35.82272727272727
4824,35.82272727272727
4825,35.82272727272727
4826,35.82272727272727
4827,35.82272727272727
4828,35.82272727272727
4829,35.82272727272727
4830,35.82272727272727
4831,35.82272727272727
4832,35.82272727272727
4833,35.82272727272727
4834,35.82272727272727
4835,35.82272727272727
4836,35.82272727272727
4837,35.82272727272727
4838,35.82272727272727
4839,35.82272727272727
4840,35.82272727272727
4841,35.82272727272727
4842,35.82272727272727
4843,35.82272727272727
4844,35.82272727272727
4845,35.82272727272727
4846,35.82272727272727
4847,35.82272727272727
4848,35.82272727272727
4849,35.82272727272727
4850,35.82272727272727
4851,35.82272727272727
4852,35.82272727272727
4853,35.82272727272727
4854,35.82272727272727
4855,35.82272727272727
4856,35.82272727272727
4857,35.82272727272727
4858,35.82272727272727
4859,35.82272727272727
4860,35.82272727272727
4861,35.82272727272727
4862,35.82272727272727
4863,35.82272727272727
4864,35.82272727272727
4865,35.82272727272727
4866,35.82272727272727
4867,35.82272727272727
4868,35.82272727272727
4869,35.82272727272727
4870,35.82272727272727
4871,35.82272727272727
4872,35.82272727272727
4873,35.82272727272727
4874,35.82272727272727
4875,35.82272727272727
4876,35.82272727272727
4877,35.82272727272727
4878,35.82272727272727
4879,35.82272727272727
4880,35.82272727272727
4881,35.82272727272727
4882,35.82272727272727
4883,35.82272727272727
4884,35.82272727272727
4885,35.82272727272727
4886,35.82272727272727
4887,35.82272727272727
4888,35.82272727272727
4889,35.82272727272727
4890,35.82272727272727
4891,35.82272727272727
4892,35.82272727272727
4893,35.82272727272727
4894,35.82272727272727
4895,35.82272727272727
4896,35.82272727272727
4897,35.82272727272727
4898,35.82272727272727
4899,35.82272727272727
4900,35.82272727272727
4901,35.82272727272727
4902,35.82272727272727
4903,35.82272727272727
4904,35.82272727272727
4905,35.83
4906,35.82272727272727
4907,35.82272727272727
4908,35.82272727272727
4909,35.82272727272727
4910,35.82272727272727
4911,35.82272727272727
4912,35.82272727272727
4913,35.82272727272727
4914,35.82272727272727
4915,35.82272727272727
4916,35.82272727272727
4917,35.82272727272727
4918,35.82272727272727
4919,35.82272727272727
4920,35.82272727272727
4921,35.82272727272727
4922,35.82272727272727
4923,35.82272727272727
4924,35.82272727272727
4925,35.82272727272727
4926,35.82272727272727
4927,35.82272727272727
4928,35.82272727272727
4929,35.82272727272727
4930,35.82272727272727
4931,35.82272727272727
4932,35.82272727272727
4933,35.82272727272727
4934,35.82272727272727
4935,35.82272727272727
4936,35.82272727272727
4937,35.82272727272727
4938,35.82272727272727
4939,35.82272727272727
4940,35.82272727272727
4941,35.82272727272727
4942,35.82272727272727
4943,35.82272727272727
4944,35.82272727272727
4945,35.82272727272727
4946,35.82272727272727
4947,35.82272727272727
4948,35.82272727272727
4949,35.82272727272727
4950,35.82272727272727
4951,35.82272727272727
4952,35.82272727272727
4953,35.82272727272727
4954,35.82272727272727
4955,35.82272727272727
4956,35.82272727272727
4957,35.82272727272727
4958,35.82272727272727
4959,35.82272727272727
4960,35.82272727272727
4961,35.82272727272727
4962,35.82272727272727
4963,35.82272727272727
4964,35.82272727272727
4965,35.82272727272727
4966,35.82272727272727
4967,35.82272727272727
4968,35.82272727272727
4969,35.82272727272727
4970,35.82272727272727
4971,35.82272727272727
4972,35.82272727272727
4973,35.82272727272727
4974,35.82272727272727
4975,35.82272727272727
4976,35.82272727272727
4977,35.82272727272727
4978,35.82272727272727
4979,35.82272727272727
4980,35.82272727272727
4981,35.82272727272727
4982,35.82272727272727
4983,35.82272727272727
4984,35.82272727272727
4985,35.82272727272727
4986,35.82272727272727
4987,35.82272727272727
4988,35.82272727272727
4989,35.82272727272727
4990,35.82272727272727
4991,35.82272727272727
4992,35.82272727272727
4993,35.82272727272727
4994,35.82272727272727
4995,35.82272727272727
4996,35.82272727272727
4997,35.82272727272727
4998,35.82272727272727
4999,35.82272727272727
5000,35.82272727272727
5001,35.82272727272727
5002,35.82272727272727
5003,35.82272727272727
5004,35.82272727272727
5005,35.82272727272727
5006,35.82272727272727
5007,35.82272727272727
5008,35.82272727272727
5009,35.82272727272727
5010,35.82272727272727
5011,35.82272727272727
5012,35.82272727272727
5013,35.82272727272727
5014,35.82272727272727
5015,35.82272727272727
5016,35.82272727272727
5017,35.82272727272727
5018,35.82272727272727
5019,35.82272727272727
5020,35.82272727272727
5021,35.82272727272727
5022,35.82272727272727
5023,35.82272727272727
5024,35.82272727272727
5025,35.82272727272727
5026,35.82272727272727
5027,35.82272727272727
5028,35.82272727272727
5029,35.82272727272727
5030,35.82272727272727
5031,35.82272727272727
5032,35.82272727272727
5033,35.82272727272727
5034,35.82272727272727
5035,35.82272727272727
5036,35.82272727272727
5037,35.82272727272727
5038,35.82272727272727
5039,35.82272727272727
5040,35.82272727272727
5041,35.82272727272727
5042,35.82272727272727
5043,35.82272727272727
5044,35.82272727272727
5045,35.82272727272727
5046,35.82272727272727
5047,35.82272727272727
5048,35.82272727272727
5049,35.82272727272727
5050,35.82272727272727
5051,35.82272727272727
5052,35.82272727272727
5053,35.82272727272727
5054,35.82272727272727
5055,35.82272727272727
5056,35.82272727272727
5057,35.82272727272727
5058,35.82272727272727
5059,35.82272727272727
5060,35.82272727272727
5061,35.82272727272727
5062,35.82272727272727
5063,35.82272727272727
5064,35.82272727272727
5065,35.82272727272727
5066,35.82272727272727
5067,35.82272727272727
5068,35.82272727272727
5069,35.82272727272727
5070,35.82272727272727
5071,35.82272727272727
5072,35.82272727272727
5073,35.82272727272727
5074,35.82272727272727
5075,35.82272727272727
5076,35.82272727272727
5077,35.82272727272727
5078,35.82272727272727
5079,35.82272727272727
5080,35.82272727272727
5081,35.82272727272727
5082,35.82272727272727
5083,35.82272727272727
5084,35.82272727272727
5085,35.82272727272727
5086,35.82272727272727
5087,35.82272727272727
5088,35.82272727272727
5089,35.82272727272727
5090,35.82272727272727
5091,35.82272727272727
5092,35.82272727272727
5093,35.82272727272727
5094,35.82272727272727
5095,35.83
5096,35.82272727272727
5097,35.82272727272727
5098,35.82272727272727
5099,35.82272727272727
5100,35.82272727272727
5101,35.82272727272727
5102,35.82272727272727
5103,35.82272727272727
5104,35.82272727272727
5105,35.82272727272727
5106,35.82272727272727
5107,35.82272727272727
5108,35.82272727272727
5109,35.82272727272727
5110,35.82272727272727
5111,35.82272727272727
5112,35.82272727272727
5113,35.82272727272727
5114,35.82272727272727
5115,35.82272727272727
5116,35.82272727272727
5117,35.82272727272727
5118,35.82272727272727
5119,35.82272727272727
5120,35.82272727272727
5121,35.82272727272727
5122,35.82272727272727
5123,35.82272727272727
5124,35.82272727272727
5125,35.82272727272727
5126,35.82272727272727
5127,35.82272727272727
5128,35.82272727272727
5129,35.82272727272727
5130,35.82272727272727
5131,35.82272727272727
5132,35.82272727272727
5133,35.82272727272727
5134,35.82272727272727
5135,35.82272727272727
5136,35.82272727272727
5137,35.82272727272727
5138,35.82272727272727
5139,35.82272727272727
5140,35.82272727272727
5141,35.82272727272727
5142,35.82272727272727
5143,35.82272727272727
5144,35.82272727272727
5145,35.82272727272727
5146,35.82272727272727
5147,35.82272727272727
5148,35.82272727272727
5149,35.82272727272727
5150,35.82272727272727
5151,35.82272727272727
5152,35.82272727272727
5153,35.82272727272727
5154,35.82272727272727
5155,35.82272727272727
5156,35.82272727272727
5157,35.82272727272727
5158,35.82272727272727
5159,35.82272727272727
5160,35.82272727272727
5161,35.82272727272727
5162,35.82272727272727
5163,35.82272727272727
5164,35.82272727272727
5165,35.82272727272727
5166,35.82272727272727
5167,35.82272727272727
5168,35.82272727272727
5169,35.82272727272727
5170,35.82272727272727
5171,35.82272727272727
5172,35.82272727272727
5173,35.82272727272727
5174,35.82272727272727
5175,35.82272727272727
5176,35.82272727272727
5177,35.82272727272727
5178,35.82272727272727
5179,35.82272727272727
5180,35.82272727272727
5181,35.82272727272727
5182,35.82272727272727
5183,35.82272727272727
5184,35.82272727272727
5185,35.82272727272727
5186,35.82272727272727
5187,35.82272727272727
5188,35.82272727272727
5189,35.82272727272727
5190,35.82272727272727
5191,35.82272727272727
5192,35.82272727272727
5193,35.82272727272727
5194,35.82272727272727
5195,35.82272727272727
5196,35.82272727272727
5197,35.82272727272727
5198,35.82272727272727
5199,35.82272727272727
5200,35.82272727272727
5201,35.82272727272727
5202,35.82272727272727
5203,35.82272727272727
5204,35.82272727272727
5205,35.82272727272727
5206,35.82272727272727
5207,35.82272727272727
5208,35.82272727272727
5209,35.82272727272727
5210,35.82272727272727
5211,35.82272727272727
5212,35.82272727272727
5213,35.82272727272727
5214,35.82272727272727
5215,35.82272727272727
5216,35.82272727272727
5217,35.82272727272727
5218,35.82272727272727
5219,35.82272727272727
5220,35.82272727272727
5221,35.82272727272727
5222,35.82272727272727
5223,35.82272727272727
5224,35.82272727272727
5225,35.82272727272727
5226,35.82272727272727
5227,35.82272727272727
5228,35.82272727272727
5229,35.82272727272727
5230,35.82272727272727
5231,35.82272727272727
5232,35.82272727272727
5233,35.82272727272727
5234,35.82272727272727
5235,35.82272727272727
5236,35.82272727272727
5237,35.82272727272727
5238,35.82272727272727
5239,35.82272727272727
5240,35.82272727272727
5241,35.82272727272727
5242,35.82272727272727
5243,35.82272727272727
5244,35.82272727272727
5245,35.82272727272727
5246,35.82272727272727
5247,35.82272727272727
5248,35.82272727272727
5249,35.82272727272727
5250,35.82272727272727
5251,35.82272727272727
5252,35.82272727272727
5253,35.82272727272727
5254,35.82272727272727
5255,35.82272727272727
5256,35.82272727272727
5257,35.82272727272727
5258,35.82272727272727
5259,35.82272727272727
5260,35.82272727272727
5261,35.82272727272727
5262,35.82272727272727
5263,35.82272727272727
5264,35.82272727272727
5265,35.82272727272727
5266,35.82272727272727
5267,35.82272727272727
5268,35.82272727272727
5269,35.82272727272727
5270,35.82272727272727
5271,35.82272727272727
5272,35.82272727272727
5273,35.82272727272727
5274,35.82272727272727
5275,35.82272727272727
5276,35.82272727272727
5277,35.82272727272727
5278,35.82272727272727
5279,35.82272727272727
5280,35.82272727272727
5281,35.82272727272727
5282,35.82272727272727
5283,35.82272727272727
5284,35.82272727272727
5285,35.83
5286,35.82272727272727
5287,35.82272727272727
5288,35.82272727272727
5289,35.82272727272727
5290,35.82272727272727
5291,35.82272727272727
5292,35.82272727272727
5293,35.82272727272727
5294,35.82272727272727
5295,35.82272727272727
5296,35.82272727272727
5297,35.82272727272727
5298,35.82272727272727
5299,35.82272727272727
5300,35.82272727272727
5301,35.82272727272727
5302,35.82272727272727
5303,35.82272727272727
5304,35.82272727272727
5305,35.82272727272727
5306,35.82272727272727
5307,35.82272727272727
5308,35.82272727272727
5309,35.82272727272727
5310,35.82272727272727
5311,35.82272727272727
5312,35.82272727272727
5313,35.82272727272727
5314,35.82272727272727
5315,35.82272727272727
5316,35.82272727272727
5317,35.82272727272727
5318,35.82272727272727
5319,35.82272727272727
5320,35.82272727272727
5321,35.82272727272727
5322,35.82272727272727
5323,35.82272727272727
5324,35.82272727272727
5325,35.82272727272727
5326,35.82272727272727
5327,35.82272727272727
5328,35.82272727272727
5329,35.82272727272727
5330,35.82272727272727
5331,35.82272727272727
5332,35.82272727272727
5333,35.82272727272727
5334,35.82272727272727
5335,35.82272727272727
5336,35.82272727272727
5337,35.82272727272727
5338,35.82272727272727
5339,35.82272727272727
5340,35.82272727272727
5341,35.82272727272727
5342,35.82272727272727
5343,35.82272727272727
5344,35.82272727272727
5345,35.82272727272727
5346,35.82272727272727
5347,35.82272727272727
5348,35.82272727272727
5349,35.82272727272727
5350,35.82272727272727
5351,35.82272727272727
5352,35.82272727272727
5353,35.82272727272727
5354,35.82272727272727
5355,35.82272727272727
5356,35.82272727272727
5357,35.82272727272727
5358,35.82272727272727
5359,35.82272727272727
5360,35.82272727272727
5361,35.82272727272727
5362,35.82272727272727
5363,35.82272727272727
5364,35.82272727272727
5365,35.82272727272727
5366,35.82272727272727
5367,35.82272727272727
5368,35.82272727272727
5369,35.82272727272727
5370,35.82272727272727
5371,35.82272727272727
5372,35.82272727272727
5373,35.82272727272727
5374,35.82272727272727
5375,35.82272727272727
5376,35.82272727272727
5377,35.82272727272727
5378,35.82272727272727
5379,35.82272727272727
5380,35.82272727272727
5381,35.82272727272727
5382,35.82272727272727
5383,35.82272727272727
5384,35.82272727272727
5385,35.82272727272727
5386,35.82272727272727
5387,35.82272727272727
5388,35.82272727272727
5389,35.82272727272727
5390,35.82272727272727
5391,35.82272727272727
5392,35.82272727272727
5393,35.82272727272727
5394,35.82272727272727
5395,35.82272727272727
5396,35.82272727272727
5397,35.82272727272727
5398,35.82272727272727
5399,35.82272727272727
5400,35.82272727272727
5401,35.82272727272727
5402,35.82272727272727
5403,35.82272727272727
5404,35.82272727272727
5405,35.82272727272727
5406,35.82272727272727
5407,35.82272727272727
5408,35.82272727272727
5409,35.82272727272727
5410,35.82272727272727
5411,35.82272727272727
5412,35.82272727272727
5413,35.82272727272727
5414,35.82272727272727
5415,35.82272727272727
5416,35.82272727272727
5417,35.82272727272727
5418,35.82272727272727
5419,35.82272727272727
5420,35.82272727272727
5421,35.82272727272727
5422,35.82272727272727
5423,35.82272727272727
5424,35.82272727272727
5425,35.82272727272727
5426,35.82272727272727
5427,35.82272727272727
5428,35.82272727272727
5429,35.82272727272727
5430,35.82272727272727
5431,35.82272727272727
5432,35.82272727272727
5433,35.82272727272727
5434,35.82272727272727
5435,35.82272727272727
5436,35.82272727272727
5437,35.82272727272727
5438,35.82272727272727
5439,35.82272727272727
5440,35.82272727272727
5441,35.82272727272727
5442,35.82272727272727
5443,35.82272727272727
5444,35.82272727272727
5445,35.82272727272727
5446,35.82272727272727
5447,35.82272727272727
5448,35.82272727272727
5449,35.82272727272727
5450,35.82272727272727
5451,35.82272727272727
5452,35.82272727272727
5453,35.82272727272727
5454,35.82272727272727
5455,35.82272727272727
5456,35.82272727272727
5457,35.82272727272727
5458,35.82272727272727
5459,35.82272727272727
5460,35.82272727272727
5461,35.82272727272727
5462,35.82272727272727
5463,35.82272727272727
5464,35.82272727272727
5465,35.82272727272727
5466,35.82272727272727
5467,35.82272727272727
5468,35.82272727272727
5469,35.82272727272727
5470,35.82272727272727
5471,35.82272727272727
5472,35.82272727272727
5473,35.82272727272727
5474,35.82272727272727
5475,35.83
5476,35.82272727272727
5477,35.82272727272727
5478,35.82272727272727
5479,35.82272727272727
5480,35.82272727272727
5481,35.82272727272727
5482,35.82272727272727
5483,35.82272727272727
5484,35.82272727272727
5485,35.82272727272727
5486,35.82272727272727
5487,35.82272727272727
5488,35.82272727272727
5489,35.82272727272727
5490,35.82272727272727
5491,35.82272727272727
5492,35.82272727272727
5493,35.82272727272727
5494,35.82272727272727
5495,35.82272727272727
5496,35.82272727272727
5497,35.82272727272727
5498,35.82272727272727
5499,35.82272727272727
5500,35.82272727272727
5501,35.82272727272727
5502,35.82272727272727
5503,35.82272727272727
5504,35.82272727272727
5505,35.82272727272727
5506,35.82272727272727
5507,35.82272727272727
5508,35.82272727272727
5509,35.82272727272727
5510,35.82272727272727
5511,35.82272727272727
5512,35.82272727272727
5513,35.82272727272727
5514,35.82272727272727
5515,35.82272727272727
5516,35.82272727272727
5517,35.82272727272727
5518,35.82272727272727
5519,35.82272727272727
5520,35.82272727272727
5521,35.82272727272727
5522,35.82272727272727
5523,35.82272727272727
5524,35.82272727272727
5525,35.82272727272727
5526,35.82272727272727
5527,35.82272727272727
5528,35.82272727272727
5529,35.82272727272727
5530,35.82272727272727
5531,35.82272727272727
5532,35.82272727272727
5533,35.82272727272727
5534,35.82272727272727
5535,35.82272727272727
5536,35.82272727272727
5537,35.82272727272727
5538,35.82272727272727
5539,35.82272727272727
5540,35.82272727272727
5541,35.82272727272727
5542,35.82272727272727
5543,35.82272727272727
5544,35.82272727272727
5545,35.82272727272727
5546,35.82272727272727
5547,35.82272727272727
5548,35.82272727272727
5549,35.82272727272727
5550,35.82272727272727
5551,35.82272727272727
5552,35.82272727272727
5553,35.82272727272727
5554,35.82272727272727
5555,35.82272727272727
5556,35.82272727272727
5557,35.82272727272727
5558,35.82272727272727
5559,35.82272727272727
5560,35.82272727272727
5561,35.82272727272727
5562,35.82272727272727
5563,35.82272727272727
5564,35.82272727272727
5565,35.82272727272727
5566,35.82272727272727
5567,35.82272727272727
5568,35.82272727272727
5569,35.82272727272727
5570,35.82272727272727
5571,35.82272727272727
5572,35.82272727272727
5573,35.82272727272727
5574,35.82272727272727
5575,35.82272727272727
5576,35.82272727272727
5577,35.82272727272727
5578,35.82272727272727
5579,35.82272727272727
5580,35.82272727272727
5581,35.82272727272727
5582,35.82272727272727
5583,35.82272727272727
5584,35.82272727272727
5585,35.82272727272727
5586,35.82272727272727
5587,35.82272727272727
5588,35.82272727272727
5589,35.82272727272727
5590,35.82272727272727
5591,35.82272727272727
5592,35.82272727272727
5593,35.82272727272727
5594,35.82272727272727
5595,35.82272727272727
5596,35.82272727272727
5597,35.82272727272727
5598,35.82272727272727
5599,35.82272727272727
5600,35.82272727272727
5601,35.82272727272727
5602,35.82272727272727
5603,35.82272727272727
5604,35.82272727272727
5605,35.82272727272727
5606,35.82272727272727
5607,35.82272727272727
5608,35.82272727272727
5609,35.82272727272727
5610,35.82272727272727
5611,35.82272727272727
5612,35.82272727272727
5613,35.82272727272727
5614,35.82272727272727
5615,35.82272727272727
5616,35.82272727272727
5617,35.82272727272727
5618,35.82272727272727
5619,35.82272727272727
5620,35.82272727272727
5621,35.82272727272727
5622,35.82272727272727
5623,35.82272727272727
5624,35.82272727272727
5625,35.82272727272727
5626,35.82272727272727
5627,35.82272727272727
5628,35.82272727272727
5629,35.82272727272727
5630,35.82272727272727
5631,35.82272727272727
5632,35.82272727272727
5633,35.82272727272727
5634,35.82272727272727
5635,35.82272727272727
5636,35.82272727272727
5637,35.82272727272727
5638,35.82272727272727
5639,35.82272727272727
5640,35.82272727272727
5641,35.82272727272727
5642,35.82272727272727
5643,35.82272727272727
5644,35.82272727272727
5645,35.82272727272727
5646,35.82272727272727
5647,35.82272727272727
5648,35.82272727272727
5649,35.82272727272727
5650,35.82272727272727
5651,35.82272727272727
5652,35.82272727272727
5653,35.82272727272727
5654,35.82272727272727
5655,35.82272727272727
5656,35.82272727272727
5657,35.82272727272727
5658,35.82272727272727
5659,35.82272727272727
5660,35.82272727272727
5661,35.82272727272727
5662,35.82272727272727
5663,35.82272727272727
5664,35.82272727272727
5665,35.81
5666,35.82272727272727
5667,35.82272727272727
5668,35.82272727272727
5669,35.82272727272727
5670,35.82272727272727
5671,35.82272727272727
5672,35.82272727272727
5673,35.82272727272727
5674,35.82272727272727
5675,35.82272727272727
5676,35.82272727272727
5677,35.82272727272727
5678,35.82272727272727
5679,35.82272727272727
5680,35.82272727272727
5681,35.82272727272727
5682,35.82272727272727
5683,35.82272727272727
5684,35.82272727272727
5685,35.82272727272727
5686,35.82272727272727
5687,35.82272727272727
5688,35.82272727272727
5689,35.82272727272727
5690,35.82272727272727
5691,35.82272727272727
5692,35.82272727272727
5693,35.82272727272727
5694,35.82272727272727
5695,35.82272727272727
5696,35.82272727272727
5697,35.82272727272727
5698,35.82272727272727
5699,35.82272727272727
5700,35.82272727272727
5701,35.82272727272727
5702,35.82272727272727
5703,35.82272727272727
5704,35.82272727272727
5705,35.82272727272727
5706,35.82272727272727
5707,35.82272727272727
5708,35.82272727272727
5709,35.82272727272727
5710,35.82272727272727
5711,35.82272727272727
5712,35.82272727272727
5713,35.82272727272727
5714,35.82272727272727
5715,35.82272727272727
5716,35.82272727272727
5717,35.82272727272727
5718,35.82272727272727
5719,35.82272727272727
5720,35.82272727272727
5721,35.82272727272727
5722,35.82272727272727
5723,35.82272727272727
5724,35.82272727272727
5725,35.82272727272727
5726,35.82272727272727
5727,35.82272727272727
5728,35.82272727272727
5729,35.82272727272727
5730,35.82272727272727
5731,35.82272727272727
5732,35.82272727272727
5733,35.82272727272727
5734,35.82272727272727
5735,35.82272727272727
5736,35.82272727272727
5737,35.82272727272727
5738,35.82272727272727
5739,35.82272727272727
5740,35.82272727272727
5741,35.82272727272727
5742,35.82272727272727
5743,35.82272727272727
5744,35.82272727272727
5745,35.82272727272727
5746,35.82272727272727
5747,35.82272727272727
5748,35.82272727272727
5749,35.82272727272727
5750,35.82272727272727
5751,35.82272727272727
5752,35.82272727272727
5753,35.82272727272727
5754,35.82272727272727
5755,35.82272727272727
5756,35.82272727272727
5757,35.82272727272727
5758,35.82272727272727
5759,35.82272727272727
5760,35.82272727272727
5761,35.82272727272727
5762,35.82272727272727
5763,35.82272727272727
5764,35.82272727272727
5765,35.82272727272727
5766,35.82272727272727
5767,35.82272727272727
5768,35.82272727272727
5769,35.82272727272727
5770,35.82272727272727
5771,35.82272727272727
5772,35.82272727272727
5773,35.82272727272727
5774,35.82272727272727
5775,35.82272727272727
5776,35.82272727272727
5777,35.82272727272727
5778,35.82272727272727
5779,35.82272727272727
5780,35.82272727272727
5781,35.82272727272727
5782,35.82272727272727
5783,35.82272727272727
5784,35.82272727272727
5785,35.82272727272727
5786,35.82272727272727
5787,35.82272727272727
5788,35.82272727272727
5789,35.82272727272727
5790,35.82272727272727
5791,35.82272727272727
5792,35.82272727272727
5793,35.82272727272727
5794,35.82272727272727
5795,35.82272727272727
5796,35.82272727272727
5797,35.82272727272727
5798,35.82272727272727
5799,35.82272727272727
5800,35.82272727272727
5801,35.82272727272727
5802,35.82272727272727
5803,35.82272727272727
5804,35.82272727272727
5805,35.82272727272727
5806,35.82272727272727
5807,35.82272727272727
5808,35.82272727272727
5809,35.82272727272727
5810,35.82272727272727
5811,35.82272727272727
5812,35.82272727272727
5813,35.82272727272727
5814,35.82272727272727
5815,35.82272727272727
5816,35.82272727272727
5817,35.82272727272727
5818,35.82272727272727
5819,35.82272727272727
5820,35.82272727272727
5821,35.82272727272727
5822,35.82272727272727
5823,35.82272727272727
5824,35.82272727272727
5825,35.82272727272727
5826,35.82272727272727
5827,35.82272727272727
5828,35.82272727272727
5829,35.82272727272727
5830,35.82272727272727
5831,35.82272727272727
5832,35.82272727272727
5833,35.82272727272727
5834,35.82272727272727
5835,35.82272727272727
5836,35.82272727272727
5837,35.82272727272727
5838,35.82272727272727
5839,35.82272727272727
5840,35.82272727272727
5841,35.82272727272727
5842,35.82272727272727
5843,35.82272727272727
5844,35.82272727272727
5845,35.82272727272727
5846,35.82272727272727
5847,35.82272727272727
5848,35.82272727272727
5849,35.82272727272727
5850,35.82272727272727
5851,35.82272727272727
5852,35.82272727272727
5853,35.82272727272727
5854,35.82272727272727
5855,35.81
5856,35.82272727272727
5857,35.82272727272727
5858,35.82272727272727
5859,35.82272727272727
5860,35.82272727272727
5861,35.82272727272727
5862,35.82272727272727
5863,35.82272727272727
5864,35.82272727272727
5865,35.82272727272727
5866,35.82272727272727
5867,35.82272727272727
5868,35.82272727272727
5869,35.82272727272727
5870,35.82272727272727
5871,35.82272727272727
5872,35.82272727272727
5873,35.82272727272727
5874,35.82272727272727
5875,35.82272727272727
5876,35.82272727272727
5877,35.82272727272727
5878,35.82272727272727
5879,35.82272727272727
5880,35.82272727272727
5881,35.82272727272727
5882,35.82272727272727
5883,35.82272727272727
5884,35.82272727272727
5885,35.82272727272727
5886,35.82272727272727
5887,35.82272727272727
5888,35.82272727272727
5889,35.82272727272727
5890,35.82272727272727
5891,35.82272727272727
5892,35.82272727272727
5893,35.82272727272727
5894,35.82272727272727
5895,35.82272727272727
5896,35.82272727272727
5897,35.82272727272727
5898,35.82272727272727
5899,35.82272727272727
5900,35.82272727272727
5901,35.82272727272727
5902,35.82272727272727
5903,35.82272727272727
5904,35.82272727272727
5905,35.82272727272727
5906,35.82272727272727
5907,35.82272727272727
5908,35.82272727272727
5909,35.82272727272727
5910,35.82272727272727
5911,35.82272727272727
5912,35.82272727272727
5913,35.82272727272727
5914,35.82272727272727
5915,35.82272727272727
5916,35.82272727272727
5917,35.82272727272727
5918,35.82272727272727
5919,35.82272727272727
5920,35.82272727272727
5921,35.82272727272727
5922,35.82272727272727
5923,35.82272727272727
5924,35.82272727272727
5925,35.82272727272727
5926,35.82272727272727
5927,35.82272727272727
5928,35.82272727272727
5929,35.82272727272727
5930,35.82272727272727
5931,35.82272727272727
5932,35.82272727272727
5933,35.82272727272727
5934,35.82272727272727
5935,35.82272727272727
5936,35.82272727272727
5937,35.82272727272727
5938,35.82272727272727
5939,35.82272727272727
5940,35.82272727272727
5941,35.82272727272727
5942,35.82272727272727
5943,35.82272727272727
5944,35.82272727272727
5945,35.82272727272727
5946,35.82272727272727
5947,35.82272727272727
5948,35.82272727272727
5949,35.82272727272727
5950,35.82272727272727
5951,35.82272727272727
5952,35.82272727272727
5953,35.82272727272727
5954,35.82272727272727
5955,35.82272727272727
5956,35.82272727272727
5957,35.82272727272727
5958,35.82272727272727
5959,35.82272727272727
5960,35.82272727272727
5961,35.82272727272727
5962,35.82272727272727
5963,35.82272727272727
5964,35.82272727272727
5965,35.82272727272727
5966,35.82272727272727
5967,35.82272727272727
5968,35.82272727272727
5969,35.82272727272727
5970,35.82272727272727
5971,35.82272727272727
5972,35.82272727272727
5973,35.82272727272727
5974,35.82272727272727
5975,35.82272727272727
5976,35.82272727272727
5977,35.82272727272727
5978,35.82272727272727
5979,35.82272727272727
5980,35.82272727272727
5981,35.82272727272727
5982,35.82272727272727
5983,35.82272727272727
5984,35.82272727272727
5985,35.82272727272727
5986,35.82272727272727
5987,35.82272727272727
5988,35.82272727272727
5989,35.82272727272727
5990,35.82272727272727
5991,35.82272727272727
5992,35.82272727272727
5993,35.82272727272727
5994,35.82272727272727
5995,35.82272727272727
5996,35.82272727272727
5997,35.82272727272727
5998,35.82272727272727
5999,35.82272727272727
6000,35.82272727272727
6001,35.82272727272727
6002,35.82272727272727
6003,35.82272727272727
6004,35.82272727272727
6005,35.82272727272727
6006,35.82272727272727
6007,35.82272727272727
6008,35.82272727272727
6009,35.82272727272727
6010,35.82272727272727
6011,35.82272727272727
6012,35.82272727272727
6013,35.82272727272727
6014,35.82272727272727
6015,35.82272727272727
6016,35.82272727272727
6017,35.82272727272727
6018,35.82272727272727
6019,35.82272727272727
6020,35.82272727272727
6021,35.82272727272727
6022,35.82272727272727
6023,35.82272727272727
6024,35.82272727272727
6025,35.82272727272727
6026,35.82272727272727
6027,35.82272727272727
6028,35.82272727272727
6029,35.82272727272727
6030,35.82272727272727
6031,35.82272727272727
6032,35.82272727272727
6033,35.82272727272727
6034,35.82272727272727
6035,35.82272727272727
6036,35.82272727272727
6037,35.82272727272727
6038,35.82272727272727
6039,35.82272727272727
6040,35.82272727272727
6041,35.82272727272727
6042,35.82272727272727
6043,35.82272727272727
6044,35.82272727272727
6045,35.81
6046,35.82272727272727
6047,35.82272727272727
6048,35.82272727272727
6049,35.82272727272727
6050,35.82272727272727
6051,35.82272727272727
6052,35.82272727272727
6053,35.82272727272727
6054,35.82272727272727
6055,35.82272727272727
6056,35.82272727272727
6057,35.82272727272727
6058,35.82272727272727
6059,35.82272727272727
6060,35.82272727272727
6061,35.82272727272727
6062,35.82272727272727
6063,35.82272727272727
6064,35.82272727272727
6065,35.82272727272727
6066,35.82272727272727
6067,35.82272727272727
6068,35.82272727272727
6069,35.82272727272727
6070,35.82272727272727
6071,35.82272727272727
6072,35.82272727272727
6073,35.82272727272727
6074,35.82272727272727
6075,35.82272727272727
6076,35.82272727272727
6077,35.82272727272727
6078,35.82272727272727
6079,35.82272727272727
6080,35.82272727272727
6081,35.82272727272727
6082,35.82272727272727
6083,35.82272727272727
6084,35.82272727272727
6085,35.82272727272727
6086,35.82272727272727
6087,35.82272727272727
6088,35.82272727272727
6089,35.82272727272727
6090,35.82272727272727
6091,35.82272727272727
6092,35.82272727272727
6093,35.82272727272727
6094,35.82272727272727
6095,35.82272727272727
6096,35.82272727272727
6097,35.82272727272727
6098,35.82272727272727
6099,35.82272727272727
6100,35.82272727272727
6101,35.82272727272727
6102,35.82272727272727
6103,35.82272727272727
6104,35.82272727272727
6105,35.82272727272727
6106,35.82272727272727
6107,35.82272727272727
6108,35.82272727272727
6109,35.82272727272727
6110,35.82272727272727
6111,35.82272727272727
6112,35.82272727272727
6113,35.82272727272727
6114,35.82272727272727
6115,35.82272727272727
6116,35.82272727272727
6117,35.82272727272727
6118,35.82272727272727
6119,35.82272727272727
6120,35.82272727272727
6121,35.82272727272727
6122,35.82272727272727
6123,35.82272727272727
6124,35.82272727272727
6125,35.82272727272727
6126,35.82272727272727
6127,35.82272727272727
6128,35.82272727272727
6129,35.82272727272727
6130,35.82272727272727
6131,35.82272727272727
6132,35.82272727272727
6133,35.82272727272727
6134,35.82272727272727
6135,35.82272727272727
6136,35.82272727272727
6137,35.82272727272727
6138,35.82272727272727
6139,35.82272727272727
6140,35.82272727272727
6141,35.82272727272727
6142,35.82272727272727
6143,35.82272727272727
6144,35.82272727272727
6145,35.82272727272727
6146,35.82272727272727
6147,35.82272727272727
6148,35.82272727272727
6149,35.82272727272727
6150,35.82272727272727
6151,35.82272727272727
6152,35.82272727272727
6153,35.82272727272727
6154,35.82272727272727
6155,35.82272727272727
6156,35.82272727272727
6157,35.82272727272727
6158,35.82272727272727
6159,35.82272727272727
6160,35.82272727272727
6161,35.82272727272727
6162,35.82272727272727
6163,35.82272727272727
6164,35.82272727272727
6165,35.82272727272727
6166,35.82272727272727
6167,35.82272727272727
6168,35.82272727272727
6169,35.82272727272727
6170,35.82272727272727
6171,35.82272727272727
6172,35.82272727272727
6173,35.82272727272727
6174,35.82272727272727
6175,35.82272727272727
6176,35.82272727272727
6177,35.82272727272727
6178,35.82272727272727
6179,35.82272727272727
6180,35.82272727272727
6181,35.82272727272727
6182,35.82272727272727
6183,35.82272727272727
6184,35.82272727272727
6185,35.82272727272727
6186,35.82272727272727
6187,35.82272727272727
6188,35.82272727272727
6189,35.82272727272727
6190,35.82272727272727
6191,35.82272727272727
6192,35.82272727272727
6193,35.82272727272727
6194,35.82272727272727
6195,35.82272727272727
6196,35.82272727272727
6197,35.82272727272727
6198,35.82272727272727
6199,35.82272727272727
6200,35.82272727272727
6201,35.82272727272727
6202,35.82272727272727
6203,35.82272727272727
6204,35.82272727272727
6205,35.82272727272727
6206,35.82272727272727
6207,35.82272727272727
6208,35.82272727272727
6209,35.82272727272727
6210,35.82272727272727
6211,35.82272727272727
6212,35.82272727272727
6213,35.82272727272727
6214,35.82272727272727
6215,35.82272727272727
6216,35.82272727272727
6217,35.82272727272727
6218,35.82272727272727
6219,35.82272727272727
6220,35.82272727272727
6221,35.82272727272727
6222,35.82272727272727
6223,35.82272727272727
6224,35.82272727272727
6225,35.82272727272727
6226,35.82272727272727
6227,35.82272727272727
6228,35.82272727272727
6229,35.82272727272727
6230,35.82272727272727
6231,35.82272727272727
6232,35.82272727272727
6233,35.82272727272727
6234,35.82272727272727
6235,35.81
6236,35.82272727272727
6237,35.82272727272727
6238,35.82272727272727
6239,35.82272727272727
6240,35.82272727272727
6241,35.82272727272727
6242,35.82272727272727
6243,35.82272727272727
6244,35.82272727272727
6245,35.82272727272727
6246,35.82272727272727
6247,35.82272727272727
6248,35.82272727272727
6249,35.82272727272727
6250,35.82272727272727
6251,35.82272727272727
6252,35.82272727272727
6253,35.82272727272727
6254,35.82272727272727
6255,35.82272727272727
6256,35.82272727272727
6257,35.82272727272727
6258,35.82272727272727
6259,35.82272727272727
6260,35.82272727272727
6261,35.82272727272727
6262,35.82272727272727
6263,35.82272727272727
6264,35.82272727272727
6265,35.82272727272727
6266,35.82272727272727
6267,35.82272727272727
6268,35.82272727272727
6269,35.82272727272727
6270,35.82272727272727
6271,35.82272727272727
6272,35.82272727272727
6273,35.82272727272727
6274,35.82272727272727
6275,35.82272727272727
6276,35.82272727272727
6277,35.82272727272727
6278,35.82272727272727
6279,35.82272727272727
6280,35.82272727272727
6281,35.82272727272727
6282,35.82272727272727
6283,35.82272727272727
6284,35.82272727272727
6285,35.82272727272727
6286,35.82272727272727
6287,35.82272727272727
6288,35.82272727272727
6289,35.82272727272727
6290,35.82272727272727
6291,35.82272727272727
6292,35.82272727272727
6293,35.82272727272727
6294,35.82272727272727
6295,35.82272727272727
6296,35.82272727272727
6297,35.82272727272727
6298,35.82272727272727
6299,35.82272727272727
